<?xml version="1.0" encoding="UTF-8"?>
<definitions xmlns="http://www.omg.org/spec/BPMN/20100524/MODEL" xmlns:xsi="http://www.w3.org/2001/XMLSchema-instance" xmlns:xsd="http://www.w3.org/2001/XMLSchema" xmlns:activiti="http://activiti.org/bpmn" xmlns:bpmndi="http://www.omg.org/spec/BPMN/20100524/DI" xmlns:omgdc="http://www.omg.org/spec/DD/20100524/DC" xmlns:omgdi="http://www.omg.org/spec/DD/20100524/DI" typeLanguage="http://www.w3.org/2001/XMLSchema" expressionLanguage="http://www.w3.org/1999/XPath" targetNamespace="http://www.activiti.org/processdef">
  <process id="Leave" name="请假审批流程" isExecutable="true">
    <startEvent id="sid-4d437957-b7d0-43a5-a1f4-362e041b137c"/>
    <userTask id="sid-da797912-df33-4179-b67a-220151b400f0" name="创建请假申请" activiti:assignee="worker"/>
    <userTask id="sid-3fa4d04f-e807-4687-a2b2-007e252fa69a" name="部门经理审批" activiti:assignee="manager"/>
    <userTask id="sid-35f2d1c5-0c08-43c0-a0b9-08d34df4d9b3" name="财务审批" activiti:assignee="participants"/>
    <endEvent id="sid-e4bebc3f-7856-46d1-8949-b9739446ea1f"/>
    <sequenceFlow id="sid-b5873d60-8454-4d86-9bbf-bc1a8329cb39" sourceRef="sid-4d437957-b7d0-43a5-a1f4-362e041b137c" targetRef="sid-da797912-df33-4179-b67a-220151b400f0"/>
    <sequenceFlow id="sid-a1b0644f-c6c7-485d-99ce-370b8fbd69d1" sourceRef="sid-da797912-df33-4179-b67a-220151b400f0" targetRef="sid-3fa4d04f-e807-4687-a2b2-007e252fa69a"/>
    <sequenceFlow id="sid-f4e809e5-dcdd-45a9-b672-80efd47bf501" sourceRef="sid-3fa4d04f-e807-4687-a2b2-007e252fa69a" targetRef="sid-35f2d1c5-0c08-43c0-a0b9-08d34df4d9b3"/>
    <sequenceFlow id="sid-66fb6789-7e1d-403d-b21c-16c03cbe84d4" sourceRef="sid-35f2d1c5-0c08-43c0-a0b9-08d34df4d9b3" targetRef="sid-e4bebc3f-7856-46d1-8949-b9739446ea1f"/>
  </process>
  <bpmndi:BPMNDiagram id="BPMNDiagram_Leave">
    <bpmndi:BPMNPlane bpmnElement="Leave" id="BPMNPlane_Leave">
      <bpmndi:BPMNShape id="shape-f54d6530-0024-49a0-b6f6-3eb39e3ba8ad" bpmnElement="sid-4d437957-b7d0-43a5-a1f4-362e041b137c">
        <omgdc:Bounds x="-290.0" y="-215.0" width="30.0" height="30.0"/>
      </bpmndi:BPMNShape>
      <bpmndi:BPMNShape id="shape-fedd386d-5f4c-48cd-9e8a-cec11278e906" bpmnElement="sid-da797912-df33-4179-b67a-220151b400f0">
        <omgdc:Bounds x="-325.0" y="-155.0" width="100.0" height="80.0"/>
      </bpmndi:BPMNShape>
      <bpmndi:BPMNShape id="shape-a32829a0-1aa6-4e42-9fb1-e849b42099a0" bpmnElement="sid-3fa4d04f-e807-4687-a2b2-007e252fa69a">
        <omgdc:Bounds x="-320.0" y="-40.0" width="100.0" height="80.0"/>
      </bpmndi:BPMNShape>
      <bpmndi:BPMNShape id="shape-5ba3d99d-23b0-45db-add3-85fa91ccdc35" bpmnElement="sid-35f2d1c5-0c08-43c0-a0b9-08d34df4d9b3">
        <omgdc:Bounds x="-320.0" y="80.0" width="100.0" height="80.0"/>
      </bpmndi:BPMNShape>
      <bpmndi:BPMNShape id="shape-5e13365f-b0b8-49d5-8b97-a76173d1f3b9" bpmnElement="sid-e4bebc3f-7856-46d1-8949-b9739446ea1f">
        <omgdc:Bounds x="-290.0" y="180.0" width="30.0" height="30.0"/>
      </bpmndi:BPMNShape>
      <bpmndi:BPMNEdge id="edge-f1a0e852-04c2-4d9a-8e86-99554b680f82" bpmnElement="sid-b5873d60-8454-4d86-9bbf-bc1a8329cb39">
        <omgdi:waypoint x="-267.5" y="-185.0"/>
        <omgdi:waypoint x="-275.0" y="-155.0"/>
      </bpmndi:BPMNEdge>
      <bpmndi:BPMNEdge id="edge-af76ebd9-64e7-48d9-bfa1-afb267c77fca" bpmnElement="sid-a1b0644f-c6c7-485d-99ce-370b8fbd69d1">
        <omgdi:waypoint x="-275.0" y="-75.0"/>
        <omgdi:waypoint x="-270.0" y="-40.0"/>
      </bpmndi:BPMNEdge>
      <bpmndi:BPMNEdge id="edge-9eb94679-217c-401b-8780-fdbc774aef4c" bpmnElement="sid-f4e809e5-dcdd-45a9-b672-80efd47bf501">
        <omgdi:waypoint x="-270.0" y="40.0"/>
        <omgdi:waypoint x="-270.0" y="80.0"/>
      </bpmndi:BPMNEdge>
      <bpmndi:BPMNEdge id="edge-2d44632c-9609-482e-b9f1-b0795d837766" bpmnElement="sid-66fb6789-7e1d-403d-b21c-16c03cbe84d4">
        <omgdi:waypoint x="-270.0" y="160.0"/>
        <omgdi:waypoint x="-267.5" y="180.0"/>
      </bpmndi:BPMNEdge>
    </bpmndi:BPMNPlane>
  </bpmndi:BPMNDiagram>
</definitions>
